{"meta": {"format": 3, "version": "7.8.0", "timestamp": "2025-04-26T12:24:08.958927", "branch_coverage": true, "show_contexts": false}, "files": {"testcase_generator.py": {"executed_lines": [1, 2, 3, 4, 5, 6, 7, 10, 11, 12, 13, 14, 17, 18, 19, 20, 21, 22, 23, 24, 25, 26, 27, 28, 31, 32, 35, 36, 37, 38, 39, 40, 41, 42, 43, 44, 45, 46, 47, 48, 49, 50, 51, 52, 53, 54, 55, 56, 57, 58, 59, 60, 61, 62, 63, 64, 65, 66, 67, 68, 69, 70, 71, 72, 73, 74, 75, 76, 77, 78, 79, 80, 81, 82, 83, 84, 85, 86, 87, 88, 89, 90, 91, 92, 93, 94, 95, 96, 97, 98, 99, 100, 101, 102, 103, 104, 105, 106, 107, 108, 109, 110, 111, 112, 113, 114, 115, 116, 117, 118, 119, 120, 121, 122, 123, 124, 125, 126, 127, 128, 129, 130, 131, 132, 133, 134, 135, 136, 138, 139, 142, 145, 146, 151, 158, 159, 162, 167], "summary": {"covered_lines": 138, "num_statements": 143, "percent_covered": 96.7741935483871, "percent_covered_display": "97", "missing_lines": 5, "excluded_lines": 0, "num_branches": 12, "num_partial_branches": 0, "covered_branches": 12, "missing_branches": 0}, "missing_lines": [147, 148, 163, 164, 165], "excluded_lines": [], "executed_branches": [[19, 20], [19, 22], [22, 23], [22, 26], [23, 22], [23, 24], [26, 27], [26, 28], [138, 139], [138, 142], [158, -35], [158, 159]], "missing_branches": [], "functions": {"_prime_factors": {"executed_lines": [18, 19, 20, 21, 22, 23, 24, 25, 26, 27, 28], "summary": {"covered_lines": 11, "num_statements": 11, "percent_covered": 100.0, "percent_covered_display": "100", "missing_lines": 0, "excluded_lines": 0, "num_branches": 8, "num_partial_branches": 0, "covered_branches": 8, "missing_branches": 0}, "missing_lines": [], "excluded_lines": [], "executed_branches": [[19, 20], [19, 22], [22, 23], [22, 26], [23, 22], [23, 24], [26, 27], [26, 28]], "missing_branches": []}, "integer_strategy": {"executed_lines": [32], "summary": {"covered_lines": 1, "num_statements": 1, "percent_covered": 100.0, "percent_covered_display": "100", "missing_lines": 0, "excluded_lines": 0, "num_branches": 0, "num_partial_branches": 0, "covered_branches": 0, "missing_branches": 0}, "missing_lines": [], "excluded_lines": [], "executed_branches": [], "missing_branches": []}, "test_prime_factors": {"executed_lines": [138, 139, 142, 145, 146, 151, 158, 159], "summary": {"covered_lines": 8, "num_statements": 10, "percent_covered": 85.71428571428571, "percent_covered_display": "86", "missing_lines": 2, "excluded_lines": 0, "num_branches": 4, "num_partial_branches": 0, "covered_branches": 4, "missing_branches": 0}, "missing_lines": [147, 148], "excluded_lines": [], "executed_branches": [[138, 139], [138, 142], [158, -35], [158, 159]], "missing_branches": []}, "save_test_cases": {"executed_lines": [], "summary": {"covered_lines": 0, "num_statements": 3, "percent_covered": 0.0, "percent_covered_display": "0", "missing_lines": 3, "excluded_lines": 0, "num_branches": 0, "num_partial_branches": 0, "covered_branches": 0, "missing_branches": 0}, "missing_lines": [163, 164, 165], "excluded_lines": [], "executed_branches": [], "missing_branches": []}, "": {"executed_lines": [1, 2, 3, 4, 5, 6, 7, 10, 11, 12, 13, 14, 17, 31, 35, 36, 37, 38, 39, 40, 41, 42, 43, 44, 45, 46, 47, 48, 49, 50, 51, 52, 53, 54, 55, 56, 57, 58, 59, 60, 61, 62, 63, 64, 65, 66, 67, 68, 69, 70, 71, 72, 73, 74, 75, 76, 77, 78, 79, 80, 81, 82, 83, 84, 85, 86, 87, 88, 89, 90, 91, 92, 93, 94, 95, 96, 97, 98, 99, 100, 101, 102, 103, 104, 105, 106, 107, 108, 109, 110, 111, 112, 113, 114, 115, 116, 117, 118, 119, 120, 121, 122, 123, 124, 125, 126, 127, 128, 129, 130, 131, 132, 133, 134, 135, 136, 162, 167], "summary": {"covered_lines": 118, "num_statements": 118, "percent_covered": 100.0, "percent_covered_display": "100", "missing_lines": 0, "excluded_lines": 0, "num_branches": 0, "num_partial_branches": 0, "covered_branches": 0, "missing_branches": 0}, "missing_lines": [], "excluded_lines": [], "executed_branches": [], "missing_branches": []}}, "classes": {"": {"executed_lines": [1, 2, 3, 4, 5, 6, 7, 10, 11, 12, 13, 14, 17, 18, 19, 20, 21, 22, 23, 24, 25, 26, 27, 28, 31, 32, 35, 36, 37, 38, 39, 40, 41, 42, 43, 44, 45, 46, 47, 48, 49, 50, 51, 52, 53, 54, 55, 56, 57, 58, 59, 60, 61, 62, 63, 64, 65, 66, 67, 68, 69, 70, 71, 72, 73, 74, 75, 76, 77, 78, 79, 80, 81, 82, 83, 84, 85, 86, 87, 88, 89, 90, 91, 92, 93, 94, 95, 96, 97, 98, 99, 100, 101, 102, 103, 104, 105, 106, 107, 108, 109, 110, 111, 112, 113, 114, 115, 116, 117, 118, 119, 120, 121, 122, 123, 124, 125, 126, 127, 128, 129, 130, 131, 132, 133, 134, 135, 136, 138, 139, 142, 145, 146, 151, 158, 159, 162, 167], "summary": {"covered_lines": 138, "num_statements": 143, "percent_covered": 96.7741935483871, "percent_covered_display": "97", "missing_lines": 5, "excluded_lines": 0, "num_branches": 12, "num_partial_branches": 0, "covered_branches": 12, "missing_branches": 0}, "missing_lines": [147, 148, 163, 164, 165], "excluded_lines": [], "executed_branches": [[19, 20], [19, 22], [22, 23], [22, 26], [23, 22], [23, 24], [26, 27], [26, 28], [138, 139], [138, 142], [158, -35], [158, 159]], "missing_branches": []}}}}, "totals": {"covered_lines": 138, "num_statements": 143, "percent_covered": 96.7741935483871, "percent_covered_display": "97", "missing_lines": 5, "excluded_lines": 0, "num_branches": 12, "num_partial_branches": 0, "covered_branches": 12, "missing_branches": 0}}