{"meta": {"format": 3, "version": "7.8.0", "timestamp": "2025-09-21T02:23:41.638354", "branch_coverage": true, "show_contexts": false}, "files": {"testcase_generator.py": {"executed_lines": [1, 2, 3, 4, 5, 6, 9, 10, 11, 12, 13, 16, 17, 18, 19, 20, 21, 22, 23, 24, 25, 26, 27, 28, 30, 31, 32, 34, 36, 37, 40, 41, 91, 92, 93, 94, 95, 96, 97, 98, 99, 100, 101, 102, 103, 104, 105, 106, 107, 108, 109, 110, 111, 112, 113, 114, 115, 116, 117, 118, 119, 120, 121, 122, 123, 124, 125, 126, 127, 128, 129, 130, 131, 132, 133, 134, 135, 136, 137, 138, 140, 141, 143, 144, 145, 149, 150, 154, 155, 158, 163], "summary": {"covered_lines": 91, "num_statements": 96, "percent_covered": 95.6140350877193, "percent_covered_display": "96", "missing_lines": 5, "excluded_lines": 0, "num_branches": 18, "num_partial_branches": 0, "covered_branches": 18, "missing_branches": 0}, "missing_lines": [146, 147, 159, 160, 161], "excluded_lines": [], "executed_branches": [[19, 20], [19, 37], [20, 21], [20, 36], [24, 25], [24, 34], [25, 26], [25, 27], [27, 28], [27, 30], [30, 31], [30, 32], [140, 141], [140, 143], [149, -91], [149, 150], [154, -91], [154, 155]], "missing_branches": [], "functions": {"find_boxed_content_with_boxed": {"executed_lines": [17, 18, 19, 20, 21, 22, 23, 24, 25, 26, 27, 28, 30, 31, 32, 34, 36, 37], "summary": {"covered_lines": 18, "num_statements": 18, "percent_covered": 100.0, "percent_covered_display": "100", "missing_lines": 0, "excluded_lines": 0, "num_branches": 12, "num_partial_branches": 0, "covered_branches": 12, "missing_branches": 0}, "missing_lines": [], "excluded_lines": [], "executed_branches": [[19, 20], [19, 37], [20, 21], [20, 36], [24, 25], [24, 34], [25, 26], [25, 27], [27, 28], [27, 30], [30, 31], [30, 32]], "missing_branches": []}, "boxed_text_strategy": {"executed_lines": [41], "summary": {"covered_lines": 1, "num_statements": 1, "percent_covered": 100.0, "percent_covered_display": "100", "missing_lines": 0, "excluded_lines": 0, "num_branches": 0, "num_partial_branches": 0, "covered_branches": 0, "missing_branches": 0}, "missing_lines": [], "excluded_lines": [], "executed_branches": [], "missing_branches": []}, "test_find_boxed_content_with_boxed": {"executed_lines": [140, 141, 143, 144, 145, 149, 150, 154, 155], "summary": {"covered_lines": 9, "num_statements": 11, "percent_covered": 88.23529411764706, "percent_covered_display": "88", "missing_lines": 2, "excluded_lines": 0, "num_branches": 6, "num_partial_branches": 0, "covered_branches": 6, "missing_branches": 0}, "missing_lines": [146, 147], "excluded_lines": [], "executed_branches": [[140, 141], [140, 143], [149, -91], [149, 150], [154, -91], [154, 155]], "missing_branches": []}, "save_test_cases": {"executed_lines": [], "summary": {"covered_lines": 0, "num_statements": 3, "percent_covered": 0.0, "percent_covered_display": "0", "missing_lines": 3, "excluded_lines": 0, "num_branches": 0, "num_partial_branches": 0, "covered_branches": 0, "missing_branches": 0}, "missing_lines": [159, 160, 161], "excluded_lines": [], "executed_branches": [], "missing_branches": []}, "": {"executed_lines": [1, 2, 3, 4, 5, 6, 9, 10, 11, 12, 13, 16, 40, 91, 92, 93, 94, 95, 96, 97, 98, 99, 100, 101, 102, 103, 104, 105, 106, 107, 108, 109, 110, 111, 112, 113, 114, 115, 116, 117, 118, 119, 120, 121, 122, 123, 124, 125, 126, 127, 128, 129, 130, 131, 132, 133, 134, 135, 136, 137, 138, 158, 163], "summary": {"covered_lines": 63, "num_statements": 63, "percent_covered": 100.0, "percent_covered_display": "100", "missing_lines": 0, "excluded_lines": 0, "num_branches": 0, "num_partial_branches": 0, "covered_branches": 0, "missing_branches": 0}, "missing_lines": [], "excluded_lines": [], "executed_branches": [], "missing_branches": []}}, "classes": {"": {"executed_lines": [1, 2, 3, 4, 5, 6, 9, 10, 11, 12, 13, 16, 17, 18, 19, 20, 21, 22, 23, 24, 25, 26, 27, 28, 30, 31, 32, 34, 36, 37, 40, 41, 91, 92, 93, 94, 95, 96, 97, 98, 99, 100, 101, 102, 103, 104, 105, 106, 107, 108, 109, 110, 111, 112, 113, 114, 115, 116, 117, 118, 119, 120, 121, 122, 123, 124, 125, 126, 127, 128, 129, 130, 131, 132, 133, 134, 135, 136, 137, 138, 140, 141, 143, 144, 145, 149, 150, 154, 155, 158, 163], "summary": {"covered_lines": 91, "num_statements": 96, "percent_covered": 95.6140350877193, "percent_covered_display": "96", "missing_lines": 5, "excluded_lines": 0, "num_branches": 18, "num_partial_branches": 0, "covered_branches": 18, "missing_branches": 0}, "missing_lines": [146, 147, 159, 160, 161], "excluded_lines": [], "executed_branches": [[19, 20], [19, 37], [20, 21], [20, 36], [24, 25], [24, 34], [25, 26], [25, 27], [27, 28], [27, 30], [30, 31], [30, 32], [140, 141], [140, 143], [149, -91], [149, 150], [154, -91], [154, 155]], "missing_branches": []}}}}, "totals": {"covered_lines": 91, "num_statements": 96, "percent_covered": 95.6140350877193, "percent_covered_display": "96", "missing_lines": 5, "excluded_lines": 0, "num_branches": 18, "num_partial_branches": 0, "covered_branches": 18, "missing_branches": 0}}